Vernacular name - original,Scientific Name,Taxon Rank,Kingdom,Phylum,Class,Family,Genus,Latitude,Longitude,Country - parsed,State - parsed,Year,freq,Count_1968,Rate_1968
Slender-tailed dunnart,Sminthopsis murina,species,Animalia,Chordata,Mammalia,Dasyuridae,Sminthopsis,-29.53933346,153.090917496,Australia,New South Wales,2019,3,2109,-99.8577524893
Slender-tailed dunnart,Sminthopsis murina,species,Animalia,Chordata,Mammalia,Dasyuridae,Sminthopsis,-32.3806,151.0136,Australia,New South Wales,2019,3,2109,-99.8577524893
Slender-tailed dunnart,Sminthopsis murina,species,Animalia,Chordata,Mammalia,Dasyuridae,Sminthopsis,-34.5,150.4,Australia,New South Wales,2019,3,2109,-99.8577524893
Common Planigale,Planigale maculata,species,Animalia,Chordata,Mammalia,Dasyuridae,Planigale,-29.633752968000003,153.216921517,Australia,New South Wales,2019,1,283,-99.6466431095
Fat-tailed dunnart,Sminthopsis crassicaudata,species,Animalia,Chordata,Mammalia,Dasyuridae,Sminthopsis,-29.9,145.7,Australia,New South Wales,2019,7,1050,-99.3333333333
Fat-tailed dunnart,Sminthopsis crassicaudata,species,Animalia,Chordata,Mammalia,Dasyuridae,Sminthopsis,-33.344052626,142.197644973,Australia,New South Wales,2019,7,1050,-99.3333333333
Fat-tailed dunnart,Sminthopsis crassicaudata,species,Animalia,Chordata,Mammalia,Dasyuridae,Sminthopsis,-27.401980869299997,148.9572113726,Australia,Queensland,2019,7,1050,-99.3333333333
Fat-tailed dunnart,Sminthopsis crassicaudata,species,Animalia,Chordata,Mammalia,Dasyuridae,Sminthopsis,-27.4,149.0,Australia,Queensland,2019,7,1050,-99.3333333333
Fat-tailed dunnart,Sminthopsis crassicaudata,species,Animalia,Chordata,Mammalia,Dasyuridae,Sminthopsis,-27.401980869299997,148.9572113726,Australia,Queensland,2019,7,1050,-99.3333333333
Fat-tailed dunnart,Sminthopsis crassicaudata,species,Animalia,Chordata,Mammalia,Dasyuridae,Sminthopsis,-27.4,149.0,Australia,Queensland,2019,7,1050,-99.3333333333
Fat-tailed dunnart,Sminthopsis crassicaudata,species,Animalia,Chordata,Mammalia,Dasyuridae,Sminthopsis,-36.08455193213944,144.37159538269043,Australia,Victoria,2019,7,1050,-99.3333333333
Stripe-faced Dunnart,Sminthopsis macroura,species,Animalia,Chordata,Mammalia,Dasyuridae,Sminthopsis,-33.338407877,142.225257759,Australia,New South Wales,2019,3,357,-99.1596638655
Stripe-faced Dunnart,Sminthopsis macroura,species,Animalia,Chordata,Mammalia,Dasyuridae,Sminthopsis,-33.34717955,142.224735857,Australia,New South Wales,2019,3,357,-99.1596638655
Stripe-faced Dunnart,Sminthopsis macroura,species,Animalia,Chordata,Mammalia,Dasyuridae,Sminthopsis,-33.453680516999995,142.155650022,Australia,New South Wales,2019,3,357,-99.1596638655
Fawn-footed mosaic-tailed rat,Melomys cervinipes,species,Animalia,Chordata,Mammalia,Muridae,Melomys,-16.35732699924152,145.4077434539795,Australia,Queensland,2019,1,37,-97.29729729729999
Numbat,Myrmecobius fasciatus fasciatus,subspecies,Animalia,Chordata,Mammalia,Myrmecobiidae,Myrmecobius,-34.1,116.5,Australia,Western Australia,2019,2,74,-97.29729729729999
Numbat,Myrmecobius fasciatus fasciatus,subspecies,Animalia,Chordata,Mammalia,Myrmecobiidae,Myrmecobius,-32.5,116.8,Australia,Western Australia,2019,2,74,-97.29729729729999
Greater bilby,Macrotis lagotis,species,Animalia,Chordata,Mammalia,Thylacomyidae,Macrotis,-18.064444,133.716182,Australia,Northern Territory,2019,1,35,-97.14285714290001
Spinifex hopping mouse,Notomys alexis alexis,subspecies,Animalia,Chordata,Mammalia,Muridae,Notomys,-23.69358,133.88945,Australia,Northern Territory,2019,2,59,-96.6101694915
Spinifex hopping mouse,Notomys mitchellii,species,Animalia,Chordata,Mammalia,Muridae,Notomys,-27.395945852883703,117.45838522911072,Australia,Western Australia,2019,2,59,-96.6101694915
Plains rat,Pseudomys australis,species,Animalia,Chordata,Mammalia,Muridae,Pseudomys,-30.34799098873184,136.91247940063477,Australia,South Australia,2019,1,17,-94.11764705879999
Western quoll,Dasyurus geoffroii geoffroii,subspecies,Animalia,Chordata,Mammalia,Dasyuridae,Dasyurus,-34.0,116.6,Australia,Western Australia,2019,5,85,-94.11764705879999
Western quoll,Dasyurus geoffroii geoffroii,subspecies,Animalia,Chordata,Mammalia,Dasyuridae,Dasyurus,-34.1,116.7,Australia,Western Australia,2019,5,85,-94.11764705879999
Western quoll,Dasyurus geoffroii geoffroii,subspecies,Animalia,Chordata,Mammalia,Dasyuridae,Dasyurus,-32.7,117.0,Australia,Western Australia,2019,5,85,-94.11764705879999
Western quoll,Dasyurus geoffroii geoffroii,subspecies,Animalia,Chordata,Mammalia,Dasyuridae,Dasyurus,-32.7,116.9,Australia,Western Australia,2019,5,85,-94.11764705879999
Western quoll,Dasyurus geoffroii geoffroii,subspecies,Animalia,Chordata,Mammalia,Dasyuridae,Dasyurus,-32.0,116.1,Australia,Western Australia,2019,5,85,-94.11764705879999
Kultarr,Antechinomys laniger,species,Animalia,Chordata,Mammalia,Dasyuridae,Antechinomys,-32.432401218,145.425284494,Australia,New South Wales,2019,7,94,-92.5531914894
Kultarr,Antechinomys laniger,species,Animalia,Chordata,Mammalia,Dasyuridae,Antechinomys,-32.432401218,145.425284494,Australia,New South Wales,2019,7,94,-92.5531914894
Kultarr,Antechinomys laniger,species,Animalia,Chordata,Mammalia,Dasyuridae,Antechinomys,-32.432401218,145.425284494,Australia,New South Wales,2019,7,94,-92.5531914894
Kultarr,Antechinomys laniger,species,Animalia,Chordata,Mammalia,Dasyuridae,Antechinomys,-32.42822376,145.38317878,Australia,New South Wales,2019,7,94,-92.5531914894
Kultarr,Antechinomys laniger,species,Animalia,Chordata,Mammalia,Dasyuridae,Antechinomys,-32.430823975,145.432657622,Australia,New South Wales,2019,7,94,-92.5531914894
Kultarr,Antechinomys laniger,species,Animalia,Chordata,Mammalia,Dasyuridae,Antechinomys,-32.433036887,145.431410183,Australia,New South Wales,2019,7,94,-92.5531914894
Kultarr,Antechinomys laniger,species,Animalia,Chordata,Mammalia,Dasyuridae,Antechinomys,-32.433036887,145.431410183,Australia,New South Wales,2019,7,94,-92.5531914894
New Holland Mouse,Pseudomys novaehollandiae,species,Animalia,Chordata,Mammalia,Muridae,Pseudomys,-31.958719583,152.43385237299998,Australia,New South Wales,2019,6,78,-92.30769230770001
New Holland Mouse,Pseudomys novaehollandiae,species,Animalia,Chordata,Mammalia,Muridae,Pseudomys,-32.8063462,151.83343180000003,Australia,New South Wales,2019,6,78,-92.30769230770001
New Holland Mouse,Pseudomys novaehollandiae,species,Animalia,Chordata,Mammalia,Muridae,Pseudomys,-32.808720715,151.835862986,Australia,New South Wales,2019,6,78,-92.30769230770001
New Holland Mouse,Pseudomys novaehollandiae,species,Animalia,Chordata,Mammalia,Muridae,Pseudomys,-31.958719583,152.43385237299998,Australia,New South Wales,2019,6,78,-92.30769230770001
New Holland Mouse,Pseudomys novaehollandiae,species,Animalia,Chordata,Mammalia,Muridae,Pseudomys,-32.8063462,151.83343180000003,Australia,New South Wales,2019,6,78,-92.30769230770001
New Holland Mouse,Pseudomys novaehollandiae,species,Animalia,Chordata,Mammalia,Muridae,Pseudomys,-32.808720715,151.835862986,Australia,New South Wales,2019,6,78,-92.30769230770001
Eastern barred bandicoot,Perameles gunnii,species,Animalia,Chordata,Mammalia,Peramelidae,Perameles,-41.15891124841811,146.35582253336906,Australia,Tasmania,2019,6,75,-92.0
Eastern barred bandicoot,Perameles gunnii,species,Animalia,Chordata,Mammalia,Peramelidae,Perameles,-42.6851815939663,146.72230052954546,Australia,Tasmania,2019,6,75,-92.0
Eastern barred bandicoot,Perameles gunnii,species,Animalia,Chordata,Mammalia,Peramelidae,Perameles,-43.2,147.1,Australia,Tasmania,2019,6,75,-92.0
Eastern barred bandicoot,Perameles gunnii,species,Animalia,Chordata,Mammalia,Peramelidae,Perameles,-41.2,146.4,Australia,Tasmania,2019,6,75,-92.0
Eastern barred bandicoot,Perameles gunnii,species,Animalia,Chordata,Mammalia,Peramelidae,Perameles,-42.68221140693387,146.7188168764278,Australia,Tasmania,2019,6,75,-92.0
Eastern barred bandicoot,Perameles gunnii,species,Animalia,Chordata,Mammalia,Peramelidae,Perameles,-37.7396794336,142.0062141858,Australia,Victoria,2019,6,75,-92.0
Australian swamp rat,Rattus lutreolus,species,Animalia,Chordata,Mammalia,Muridae,Rattus,-32.8056287,151.83360269999997,Australia,New South Wales,2019,10,97,-89.6907216495
Australian swamp rat,Rattus lutreolus,species,Animalia,Chordata,Mammalia,Muridae,Rattus,-32.808720715,151.835862986,Australia,New South Wales,2019,10,97,-89.6907216495
Australian swamp rat,Rattus lutreolus,species,Animalia,Chordata,Mammalia,Muridae,Rattus,-32.8056287,151.83360269999997,Australia,New South Wales,2019,10,97,-89.6907216495
Australian swamp rat,Rattus lutreolus,species,Animalia,Chordata,Mammalia,Muridae,Rattus,-32.808720715,151.835862986,Australia,New South Wales,2019,10,97,-89.6907216495
Australian swamp rat,Rattus lutreolus,species,Animalia,Chordata,Mammalia,Muridae,Rattus,-35.6,138.2,Australia,South Australia,2019,10,97,-89.6907216495
Australian swamp rat,Rattus lutreolus,species,Animalia,Chordata,Mammalia,Muridae,Rattus,-37.8399833,140.7625646,Australia,South Australia,2019,10,97,-89.6907216495
Australian swamp rat,Rattus lutreolus,species,Animalia,Chordata,Mammalia,Muridae,Rattus,-35.42104000000001,138.50306,Australia,South Australia,2019,10,97,-89.6907216495
Australian swamp rat,Rattus lutreolus,species,Animalia,Chordata,Mammalia,Muridae,Rattus,-37.5507,149.7565,Australia,Victoria,2019,10,97,-89.6907216495
Australian swamp rat,Rattus lutreolus,species,Animalia,Chordata,Mammalia,Muridae,Rattus,-38.4280548096,144.1799926758,Australia,Victoria,2019,10,97,-89.6907216495
Australian swamp rat,Rattus lutreolus,species,Animalia,Chordata,Mammalia,Muridae,Rattus,-37.5507,149.7565,Australia,Victoria,2019,10,97,-89.6907216495
Sandy Inland Mouse,Pseudomys hermannsburgensis,species,Animalia,Chordata,Mammalia,Muridae,Pseudomys,-22.179091,131.523187,Australia,Northern Territory,2019,2,17,-88.2352941176
Sandy Inland Mouse,Pseudomys hermannsburgensis,species,Animalia,Chordata,Mammalia,Muridae,Pseudomys,-22.179197,131.523102,Australia,Northern Territory,2019,2,17,-88.2352941176
Eastern quoll,Dasyurus viverrinus,species,Animalia,Chordata,Mammalia,Dasyuridae,Dasyurus,-35.1567908557487,150.6029965728521,Australia,New South Wales,2019,10,81,-87.6543209877
Eastern quoll,Dasyurus viverrinus,species,Animalia,Chordata,Mammalia,Dasyuridae,Dasyurus,-41.739386439899995,145.81154235469998,Australia,Tasmania,2019,10,81,-87.6543209877
Eastern quoll,Dasyurus viverrinus,species,Animalia,Chordata,Mammalia,Dasyuridae,Dasyurus,-43.1,147.2,Australia,Tasmania,2019,10,81,-87.6543209877
Eastern quoll,Dasyurus viverrinus,species,Animalia,Chordata,Mammalia,Dasyuridae,Dasyurus,-42.11666441233872,146.1755864024326,Australia,Tasmania,2019,10,81,-87.6543209877
Eastern quoll,Dasyurus viverrinus,species,Animalia,Chordata,Mammalia,Dasyuridae,Dasyurus,-42.68331794830157,146.7159082889884,Australia,Tasmania,2019,10,81,-87.6543209877
Eastern quoll,Dasyurus viverrinus,species,Animalia,Chordata,Mammalia,Dasyuridae,Dasyurus,-43.0677608039,147.2026533196,Australia,Tasmania,2019,10,81,-87.6543209877
Eastern quoll,Dasyurus viverrinus,species,Animalia,Chordata,Mammalia,Dasyuridae,Dasyurus,-41.8758509939,146.21601824290002,Australia,Tasmania,2019,10,81,-87.6543209877
Eastern quoll,Dasyurus viverrinus,species,Animalia,Chordata,Mammalia,Dasyuridae,Dasyurus,-42.0,146.2,Australia,Tasmania,2019,10,81,-87.6543209877
Eastern quoll,Dasyurus viverrinus,species,Animalia,Chordata,Mammalia,Dasyuridae,Dasyurus,-43.143822683512965,147.37419813056474,Australia,Tasmania,2019,10,81,-87.6543209877
Eastern quoll,Dasyurus viverrinus,species,Animalia,Chordata,Mammalia,Dasyuridae,Dasyurus,-37.94437517875372,145.55206507444382,Australia,Victoria,2019,10,81,-87.6543209877
Ghost bat,Macroderma gigas,species,Animalia,Chordata,Mammalia,Megadermatidae,Macroderma,-19.508439000000006,147.053425,Australia,Queensland,2019,2,16,-87.5
Ghost bat,Macroderma gigas,species,Animalia,Chordata,Mammalia,Megadermatidae,Macroderma,-19.508439000000006,147.053425,Australia,Queensland,2019,2,16,-87.5
Rock rat,Zyzomys argurus,species,Animalia,Chordata,Mammalia,Muridae,Zyzomys,-12.86034,132.79173,Australia,Northern Territory,2019,1,6,-83.3333333333
Eastern bettong,Bettongia gaimardi,species,Animalia,Chordata,Mammalia,Potoroidae,Bettongia,-41.821690207186435,146.2127626617439,Australia,Tasmania,2019,2,11,-81.8181818182
Eastern bettong,Bettongia gaimardi,species,Animalia,Chordata,Mammalia,Potoroidae,Bettongia,-41.51834634058002,146.18129253387448,Australia,Tasmania,2019,2,11,-81.8181818182
Red-tailed phascogale,Phascogale calura,species,Animalia,Chordata,Mammalia,Dasyuridae,Phascogale,-32.2,117.5,Australia,Western Australia,2019,1,5,-80.0
Eastern tube-nosed bat,Nyctimene robinsoni,species,Animalia,Chordata,Mammalia,Pteropodidae,Nyctimene,-23.895450125,151.2588592554,Australia,Queensland,2019,2,9,-77.7777777778
Eastern tube-nosed bat,Nyctimene robinsoni,species,Animalia,Chordata,Mammalia,Pteropodidae,Nyctimene,-23.895450125,151.2588592554,Australia,Queensland,2019,2,9,-77.7777777778
Wombat,Vombatus ursinus tasmaniensis,subspecies,Animalia,Chordata,Mammalia,Vombatidae,Vombatus,-41.97978749999999,148.23748828125,Australia,Tasmania,2019,1,4,-75.0
Grassland mosaic-tailed rat,Melomys burtoni,species,Animalia,Chordata,Mammalia,Muridae,Melomys,-11.267199,132.19878,Australia,Northern Territory,2019,3,12,-75.0
Grassland mosaic-tailed rat,Melomys burtoni,species,Animalia,Chordata,Mammalia,Muridae,Melomys,-12.86119,132.791249,Australia,Northern Territory,2019,3,12,-75.0
Grassland mosaic-tailed rat,Melomys burtoni,species,Animalia,Chordata,Mammalia,Muridae,Melomys,-14.351460346248562,132.4186688661575,Australia,Northern Territory,2019,3,12,-75.0
Western brush wallaby,Notamacropus irma,species,Animalia,Chordata,Mammalia,Macropodidae,Notamacropus,-34.1,116.6,Australia,Western Australia,2019,4,14,-71.4285714286
Western brush wallaby,Notamacropus irma,species,Animalia,Chordata,Mammalia,Macropodidae,Notamacropus,-34.3,118.2,Australia,Western Australia,2019,4,14,-71.4285714286
Western brush wallaby,Notamacropus irma,species,Animalia,Chordata,Mammalia,Macropodidae,Notamacropus,-34.2,116.6,Australia,Western Australia,2019,4,14,-71.4285714286
Western brush wallaby,Notamacropus irma,species,Animalia,Chordata,Mammalia,Macropodidae,Notamacropus,-31.6,116.0,Australia,Western Australia,2019,4,14,-71.4285714286
Common brushtail possum,Trichosurus vulpecula vulpecula,subspecies,Animalia,Chordata,Mammalia,Phalangeridae,Trichosurus,-12.392255,130.903599,Australia,Northern Territory,2019,2,5,-60.0
Common brushtail possum,Trichosurus vulpecula vulpecula,subspecies,Animalia,Chordata,Mammalia,Phalangeridae,Trichosurus,-12.368986,130.875004,Australia,Northern Territory,2019,2,5,-60.0
Northern freetail bat,Chaerephon jobensis,species,Animalia,Chordata,Mammalia,Molossidae,Chaerephon,-16.788435969732873,145.67021369934082,Australia,Queensland,2019,2,5,-60.0
Northern freetail bat,Chaerephon jobensis,species,Animalia,Chordata,Mammalia,Molossidae,Chaerephon,-16.788435969732873,145.67021369934082,Australia,Queensland,2019,2,5,-60.0
Tammar wallaby,Notamacropus eugenii,species,Animalia,Chordata,Mammalia,Macropodidae,Notamacropus,-35.932498998,136.7662754692,Australia,South Australia,2019,8,17,-52.941176470600006
Tammar wallaby,Notamacropus eugenii,species,Animalia,Chordata,Mammalia,Macropodidae,Notamacropus,-35.9,136.8,Australia,South Australia,2019,8,17,-52.941176470600006
Tammar wallaby,Notamacropus eugenii,species,Animalia,Chordata,Mammalia,Macropodidae,Notamacropus,-35.9,136.7,Australia,South Australia,2019,8,17,-52.941176470600006
Tammar wallaby,Notamacropus eugenii,species,Animalia,Chordata,Mammalia,Macropodidae,Notamacropus,-34.9671792006,138.696978707,Australia,South Australia,2019,8,17,-52.941176470600006
Tammar wallaby,Notamacropus eugenii,species,Animalia,Chordata,Mammalia,Macropodidae,Notamacropus,-35.0,138.7,Australia,South Australia,2019,8,17,-52.941176470600006
Tammar wallaby,Notamacropus eugenii,species,Animalia,Chordata,Mammalia,Macropodidae,Notamacropus,-31.8222638889,116.24585555559999,Australia,Western Australia,2019,8,17,-52.941176470600006
Tammar wallaby,Notamacropus eugenii,species,Animalia,Chordata,Mammalia,Macropodidae,Notamacropus,-34.175097222199994,116.5930805556,Australia,Western Australia,2019,8,17,-52.941176470600006
Tammar wallaby,Notamacropus eugenii,species,Animalia,Chordata,Mammalia,Macropodidae,Notamacropus,-32.755953280199996,116.9515719814,Australia,Western Australia,2019,8,17,-52.941176470600006
Brush-tailed rabbit rat,Conilurus penicillatus,species,Animalia,Chordata,Mammalia,Muridae,Conilurus,-11.267199,132.19878,Australia,Northern Territory,2019,1,2,-50.0
Southern toadlet,Pseudophryne semimarmorata,species,Animalia,Chordata,Amphibia,Myobatrachidae,Pseudophryne,-37.95588272144881,145.25858473771225,Australia,Victoria,2019,1,118,-99.15254237290002
Plains brown tree frog,Litoria paraewingi,species,Animalia,Chordata,Amphibia,Hylidae,Litoria,-36.2402778,144.89,Australia,Victoria,2019,1,105,-99.04761904760001
Green-eyed tree frog,Litoria serrata,species,Animalia,Chordata,Amphibia,Hylidae,Litoria,-17.4,145.5,Australia,Queensland,2019,1,46,-97.82608695649999
Common mist frog,Litoria rheocola,species,Animalia,Chordata,Amphibia,Hylidae,Litoria,-17.0,145.7,Australia,Queensland,2019,3,120,-97.5
Common mist frog,Litoria rheocola,species,Animalia,Chordata,Amphibia,Hylidae,Litoria,-17.0,145.7,Australia,Queensland,2019,3,120,-97.5
Common mist frog,Litoria rheocola,species,Animalia,Chordata,Amphibia,Hylidae,Litoria,-16.5,145.3,Australia,Queensland,2019,3,120,-97.5
Eastern smooth frog,Geocrinia victoriana,species,Animalia,Chordata,Amphibia,Myobatrachidae,Geocrinia,-37.7,145.3,Australia,Victoria,2019,4,149,-97.3154362416
Eastern smooth frog,Geocrinia victoriana,species,Animalia,Chordata,Amphibia,Myobatrachidae,Geocrinia,-37.88095070993426,145.5615520477295,Australia,Victoria,2019,4,149,-97.3154362416
Eastern smooth frog,Geocrinia victoriana,species,Animalia,Chordata,Amphibia,Myobatrachidae,Geocrinia,-37.68529770421673,145.57324111461642,Australia,Victoria,2019,4,149,-97.3154362416
Eastern smooth frog,Geocrinia victoriana,species,Animalia,Chordata,Amphibia,Myobatrachidae,Geocrinia,-37.207294549180624,145.42746305465695,Australia,Victoria,2019,4,149,-97.3154362416
Fry's frog,Austrochaperina fryi,species,Animalia,Chordata,Amphibia,Microhylidae,Austrochaperina,-16.35732699924152,145.4077434539795,Australia,Queensland,2019,1,27,-96.29629629629999
Litoria platycephala,Cyclorana platycephala,species,Animalia,Chordata,Amphibia,Hylidae,Cyclorana,-30.9,141.0,Australia,South Australia,2019,1,18,-94.4444444444
Northern dwarf tree frog,Litoria bicolor,species,Animalia,Chordata,Amphibia,Hylidae,Litoria,-12.633289,131.119047,Australia,Northern Territory,2019,4,64,-93.75
Northern dwarf tree frog,Litoria bicolor,species,Animalia,Chordata,Amphibia,Hylidae,Litoria,-12.64754,131.11151,Australia,Northern Territory,2019,4,64,-93.75
Northern dwarf tree frog,Litoria bicolor,species,Animalia,Chordata,Amphibia,Hylidae,Litoria,-16.28067915768589,145.43074607849118,Australia,Queensland,2019,4,64,-93.75
Northern dwarf tree frog,Litoria bicolor,species,Animalia,Chordata,Amphibia,Hylidae,Litoria,-23.1,113.8,Australia,Western Australia,2019,4,64,-93.75
Australian lace-lid,Litoria dayi,species,Animalia,Chordata,Amphibia,Hylidae,Litoria,-17.0,145.7,Australia,Queensland,2019,2,31,-93.5483870968
Australian lace-lid,Litoria dayi,species,Animalia,Chordata,Amphibia,Hylidae,Litoria,-16.5,145.3,Australia,Queensland,2019,2,31,-93.5483870968
Bumpy rocket frog,Litoria inermis,species,Animalia,Chordata,Amphibia,Hylidae,Litoria,-21.3,149.2,Australia,Queensland,2019,2,30,-93.3333333333
Bumpy rocket frog,Litoria inermis,species,Animalia,Chordata,Amphibia,Hylidae,Litoria,-17.5,125.3,Australia,Western Australia,2019,2,30,-93.3333333333
Remote froglet,Crinia remota,species,Animalia,Chordata,Amphibia,Myobatrachidae,Crinia,-12.46895,131.16377,Australia,Northern Territory,2019,3,43,-93.023255814
Remote froglet,Crinia remota,species,Animalia,Chordata,Amphibia,Myobatrachidae,Crinia,-13.095582,130.792753,Australia,Northern Territory,2019,3,43,-93.023255814
Remote froglet,Crinia remota,species,Animalia,Chordata,Amphibia,Myobatrachidae,Crinia,-12.633289,131.119047,Australia,Northern Territory,2019,3,43,-93.023255814
Smooth toadlet,Uperoleia laevigata,species,Animalia,Chordata,Amphibia,Myobatrachidae,Uperoleia,-33.8,150.6,Australia,New South Wales,2019,1,13,-92.30769230770001
New Holland frog,Cyclorana novaehollandiae,species,Animalia,Chordata,Amphibia,Hylidae,Cyclorana,-18.1,144.4,Australia,Queensland,2019,1,6,-83.3333333333
Leaf-green Tree Frog,Litoria phyllochroa,species,Animalia,Chordata,Amphibia,Hylidae,Litoria,-34.17395,150.58046000000004,Australia,New South Wales,2019,6,16,-62.5
Leaf-green Tree Frog,Litoria phyllochroa,species,Animalia,Chordata,Amphibia,Hylidae,Litoria,-34.168613,150.590652,Australia,New South Wales,2019,6,16,-62.5
Leaf-green Tree Frog,Litoria phyllochroa,species,Animalia,Chordata,Amphibia,Hylidae,Litoria,-34.1777,150.5867,Australia,New South Wales,2019,6,16,-62.5
Leaf-green Tree Frog,Litoria phyllochroa,species,Animalia,Chordata,Amphibia,Hylidae,Litoria,-34.17395,150.58046000000004,Australia,New South Wales,2019,6,16,-62.5
Leaf-green Tree Frog,Litoria phyllochroa,species,Animalia,Chordata,Amphibia,Hylidae,Litoria,-34.168613,150.590652,Australia,New South Wales,2019,6,16,-62.5
Leaf-green Tree Frog,Litoria phyllochroa,species,Animalia,Chordata,Amphibia,Hylidae,Litoria,-34.1777,150.5867,Australia,New South Wales,2019,6,16,-62.5
Eastern Sign-bearing Froglet,Crinia parinsignifera,species,Animalia,Chordata,Amphibia,Myobatrachidae,Crinia,-28.660961,152.254395,Australia,New South Wales,2019,6,15,-60.0
Eastern Sign-bearing Froglet,Crinia parinsignifera,species,Animalia,Chordata,Amphibia,Myobatrachidae,Crinia,-34.386951085,143.88052979100001,Australia,New South Wales,2019,6,15,-60.0
Eastern Sign-bearing Froglet,Crinia parinsignifera,species,Animalia,Chordata,Amphibia,Myobatrachidae,Crinia,-34.386951085,143.88052979100001,Australia,New South Wales,2019,6,15,-60.0
Eastern Sign-bearing Froglet,Crinia parinsignifera,species,Animalia,Chordata,Amphibia,Myobatrachidae,Crinia,-34.42472443,143.76348388,Australia,New South Wales,2019,6,15,-60.0
Eastern Sign-bearing Froglet,Crinia parinsignifera,species,Animalia,Chordata,Amphibia,Myobatrachidae,Crinia,-34.557540062,145.822838745,Australia,New South Wales,2019,6,15,-60.0
Eastern Sign-bearing Froglet,Crinia parinsignifera,species,Animalia,Chordata,Amphibia,Myobatrachidae,Crinia,-35.624147058,148.152686096,Australia,New South Wales,2019,6,15,-60.0
Nicholl's Toadlet,Metacrinia nichollsi,species,Animalia,Chordata,Amphibia,Myobatrachidae,Metacrinia,-35.0,116.7,Australia,Western Australia,2019,1,2,-50.0
Quacking frog,Crinia georgiana,species,Animalia,Chordata,Amphibia,Myobatrachidae,Crinia,-34.9,117.9,Australia,Western Australia,2019,1,2,-50.0
Striped burrowing frog,Cyclorana alboguttata,species,Animalia,Chordata,Amphibia,Hylidae,Cyclorana,-11.148377,132.57738600000002,Australia,Northern Territory,2019,2,4,-50.0
Striped burrowing frog,Cyclorana alboguttata,species,Animalia,Chordata,Amphibia,Hylidae,Cyclorana,-18.1433958,144.3212695,Australia,Queensland,2019,2,4,-50.0
Gehyra variegata,Gehyra variegata,species,Animalia,Chordata,Reptilia,Gekkonidae,Gehyra,-31.9600320598,116.0329475261,Australia,Western Australia,2019,1,185,-99.45945945950001
Southern grass skink,Pseudemoia entrecasteauxii,species,Animalia,Chordata,Reptilia,Scincidae,Pseudemoia,-37.150223,146.431442,Australia,Victoria,2019,1,134,-99.2537313433
Alpine water skink,Eulamprus kosciuskoi,species,Animalia,Chordata,Reptilia,Scincidae,Eulamprus,-37.01269239168147,148.0616793036461,Australia,Victoria,2019,1,88,-98.86363636360001
Cunningham's skink,Egernia cunninghami,species,Animalia,Chordata,Reptilia,Scincidae,Egernia,-35.76900100708008,148.9510040283203,Australia,Australian Capital Territory,2019,7,335,-97.9104477612
Cunningham's skink,Egernia cunninghami,species,Animalia,Chordata,Reptilia,Scincidae,Egernia,-35.2,149.0,Australia,Australian Capital Territory,2019,7,335,-97.9104477612
Cunningham's skink,Egernia cunninghami,species,Animalia,Chordata,Reptilia,Scincidae,Egernia,-35.5,148.9,Australia,Australian Capital Territory,2019,7,335,-97.9104477612
Cunningham's skink,Egernia cunninghami,species,Animalia,Chordata,Reptilia,Scincidae,Egernia,-34.958729527847616,138.6972910165787,Australia,South Australia,2019,7,335,-97.9104477612
Cunningham's skink,Egernia cunninghami,species,Animalia,Chordata,Reptilia,Scincidae,Egernia,-34.99217558522981,138.62317085266113,Australia,South Australia,2019,7,335,-97.9104477612
Cunningham's skink,Egernia cunninghami,species,Animalia,Chordata,Reptilia,Scincidae,Egernia,-34.99240410900619,138.62244129180908,Australia,South Australia,2019,7,335,-97.9104477612
Cunningham's skink,Egernia cunninghami,species,Animalia,Chordata,Reptilia,Scincidae,Egernia,-36.3148501182,146.66382316440001,Australia,Victoria,2019,7,335,-97.9104477612
Trunk-climbing cool-skink,Pseudemoia spenceri,species,Animalia,Chordata,Reptilia,Scincidae,Pseudemoia,-37.530556,145.242599,Australia,Victoria,2019,1,42,-97.619047619
Central netted dragon,Ctenophorus nuchalis,species,Animalia,Chordata,Reptilia,Agamidae,Ctenophorus,-25.3,131.0,Australia,Northern Territory,2019,2,69,-97.10144927540001
Central netted dragon,Ctenophorus nuchalis,species,Animalia,Chordata,Reptilia,Agamidae,Ctenophorus,-25.3303325981,131.0402975837,Australia,Northern Territory,2019,2,69,-97.10144927540001
Highland copperhead,Austrelaps ramsayi,species,Animalia,Chordata,Reptilia,Elapidae,Austrelaps,-36.884477652600005,148.13638845629998,Australia,Victoria,2019,2,34,-94.11764705879999
Highland copperhead,Austrelaps ramsayi,species,Animalia,Chordata,Reptilia,Elapidae,Austrelaps,-36.726935166,146.7769717259,Australia,Victoria,2019,2,34,-94.11764705879999
Carinascincus metallicus,Carinascincus metallicus,species,Animalia,Chordata,Reptilia,Scincidae,Carinascincus,-41.4448777176,147.1133246273,Australia,Tasmania,2019,3,51,-94.11764705879999
Carinascincus metallicus,Carinascincus metallicus,species,Animalia,Chordata,Reptilia,Scincidae,Carinascincus,-41.581449,145.9337218,Australia,Tasmania,2019,3,51,-94.11764705879999
Carinascincus metallicus,Carinascincus metallicus,species,Animalia,Chordata,Reptilia,Scincidae,Carinascincus,-41.44140625,147.1262359619,Australia,Tasmania,2019,3,51,-94.11764705879999
Tree-crevice skink,Egernia striolata,species,Animalia,Chordata,Reptilia,Scincidae,Egernia,-34.9148680454,138.6389384515,Australia,South Australia,2019,3,49,-93.8775510204
Tree-crevice skink,Egernia striolata,species,Animalia,Chordata,Reptilia,Scincidae,Egernia,-34.9,138.6,Australia,South Australia,2019,3,49,-93.8775510204
Tree-crevice skink,Egernia striolata,species,Animalia,Chordata,Reptilia,Scincidae,Egernia,-36.6,142.0,Australia,Victoria,2019,3,49,-93.8775510204
Jewelled gecko,Strophurus elderi,species,Animalia,Chordata,Reptilia,Diplodactylidae,Strophurus,-26.82453992381577,152.15340256690982,Australia,Queensland,2019,1,16,-93.75
Egernia stokesii,Egernia stokesii,species,Animalia,Chordata,Reptilia,Scincidae,Egernia,-32.94544540434527,137.51447868307878,Australia,South Australia,2019,1,16,-93.75
Common dwarf skink,Menetia greyii,species,Animalia,Chordata,Reptilia,Scincidae,Menetia,-34.1844444,140.71333330000002,Australia,South Australia,2019,2,31,-93.5483870968
Common dwarf skink,Menetia greyii,species,Animalia,Chordata,Reptilia,Scincidae,Menetia,-31.9,115.9,Australia,Western Australia,2019,2,31,-93.5483870968
 Little whip snake,Parasuta flagellum,species,Animalia,Chordata,Reptilia,Elapidae,Parasuta,-35.4408333333,138.3216666667,Australia,South Australia,2019,1,15,-93.3333333333
Southern forest cool-skink,Carinascincus coventryi,species,Animalia,Chordata,Reptilia,Scincidae,Carinascincus,-37.40911,144.2650983333,Australia,Victoria,2019,2,29,-93.1034482759
Southern forest cool-skink,Carinascincus coventryi,species,Animalia,Chordata,Reptilia,Scincidae,Carinascincus,-37.630318,148.887451,Australia,Victoria,2019,2,29,-93.1034482759
Shaded-litter rainbow-skink,Carlia munda,species,Animalia,Chordata,Reptilia,Scincidae,Carlia,-21.056307701901847,147.79588451390737,Australia,Queensland,2019,2,26,-92.30769230770001
Shaded-litter rainbow-skink,Carlia munda,species,Animalia,Chordata,Reptilia,Scincidae,Carlia,-21.637144831170417,146.89614887240168,Australia,Queensland,2019,2,26,-92.30769230770001
Saproscincus mustelinus,Saproscincus mustelinus,species,Animalia,Chordata,Reptilia,Scincidae,Saproscincus,-37.7246017456,145.0471038818,Australia,Victoria,2019,3,38,-92.10526315790001
Saproscincus mustelinus,Saproscincus mustelinus,species,Animalia,Chordata,Reptilia,Scincidae,Saproscincus,-37.3833619508,145.767671079,Australia,Victoria,2019,3,38,-92.10526315790001
Saproscincus mustelinus,Saproscincus mustelinus,species,Animalia,Chordata,Reptilia,Scincidae,Saproscincus,-38.167562,144.33435500000004,Australia,Victoria,2019,3,38,-92.10526315790001
Blackish blind snake,Anilios nigrescens,species,Animalia,Chordata,Reptilia,Typhlopidae,Anilios,-27.5506944444,153.03437777780002,Australia,Queensland,2019,1,12,-91.6666666667
South coast gecko,Diplodactylus calcicolus,species,Animalia,Chordata,Reptilia,Diplodactylidae,Diplodactylus,-32.94647540088835,137.56778812388802,Australia,South Australia,2019,1,12,-91.6666666667
Western beaked gecko,Rhynchoedura ornata,species,Animalia,Chordata,Reptilia,Diplodactylidae,Rhynchoedura,-23.768638074800002,134.0667492807,Australia,Northern Territory,2019,3,36,-91.6666666667
Western beaked gecko,Rhynchoedura ornata,species,Animalia,Chordata,Reptilia,Diplodactylidae,Rhynchoedura,-32.94647540088835,137.56778812388802,Australia,South Australia,2019,3,36,-91.6666666667
Western beaked gecko,Rhynchoedura ornata,species,Animalia,Chordata,Reptilia,Diplodactylidae,Rhynchoedura,-24.6,116.9,Australia,Western Australia,2019,3,36,-91.6666666667
Anepischetosia maccoyi,Anepischetosia maccoyi,species,Animalia,Chordata,Reptilia,Scincidae,Anepischetosia,-37.954810503800005,145.54574093940002,Australia,Victoria,2019,6,70,-91.42857142860001
Anepischetosia maccoyi,Anepischetosia maccoyi,species,Animalia,Chordata,Reptilia,Scincidae,Anepischetosia,-39.015024025100004,146.33971608,Australia,Victoria,2019,6,70,-91.42857142860001
Anepischetosia maccoyi,Anepischetosia maccoyi,species,Animalia,Chordata,Reptilia,Scincidae,Anepischetosia,-37.3833619508,145.767671079,Australia,Victoria,2019,6,70,-91.42857142860001
Anepischetosia maccoyi,Anepischetosia maccoyi,species,Animalia,Chordata,Reptilia,Scincidae,Anepischetosia,-39.0259448495,146.3230962306,Australia,Victoria,2019,6,70,-91.42857142860001
Anepischetosia maccoyi,Anepischetosia maccoyi,species,Animalia,Chordata,Reptilia,Scincidae,Anepischetosia,-37.8826871064,145.35343607299998,Australia,Victoria,2019,6,70,-91.42857142860001
Anepischetosia maccoyi,Anepischetosia maccoyi,species,Animalia,Chordata,Reptilia,Scincidae,Anepischetosia,-38.504241,143.72274199999995,Australia,Victoria,2019,6,70,-91.42857142860001
Metallic snake-eyed skink,Cryptoblepharus metallicus,species,Animalia,Chordata,Reptilia,Scincidae,Cryptoblepharus,-21.637483907907118,146.89595575335258,Australia,Queensland,2019,1,11,-90.9090909091
Dwyer's snake,Parasuta dwyeri,species,Animalia,Chordata,Reptilia,Elapidae,Parasuta,-35.19262,149.19116699999995,Australia,Australian Capital Territory,2019,1,10,-90.0
Ctenophorus pictus,Ctenophorus pictus,species,Animalia,Chordata,Reptilia,Agamidae,Ctenophorus,-33.0,137.5,Australia,South Australia,2019,2,20,-90.0
Ctenophorus pictus,Ctenophorus pictus,species,Animalia,Chordata,Reptilia,Agamidae,Ctenophorus,-33.000905788699995,137.4535258174,Australia,South Australia,2019,2,20,-90.0
Southern spotted velvet gecko,Oedura tryoni,species,Animalia,Chordata,Reptilia,Diplodactylidae,Oedura,-26.8,152.9,Australia,Queensland,2019,4,38,-89.4736842105
Southern spotted velvet gecko,Oedura tryoni,species,Animalia,Chordata,Reptilia,Diplodactylidae,Oedura,-26.5,153.0,Australia,Queensland,2019,4,38,-89.4736842105
Southern spotted velvet gecko,Oedura tryoni,species,Animalia,Chordata,Reptilia,Diplodactylidae,Oedura,-25.934697,152.623611,Australia,Queensland,2019,4,38,-89.4736842105
Southern spotted velvet gecko,Oedura tryoni,species,Animalia,Chordata,Reptilia,Diplodactylidae,Oedura,-25.9,152.6,Australia,Queensland,2019,4,38,-89.4736842105
South-eastern slider,Lerista bougainvillii,species,Animalia,Chordata,Reptilia,Scincidae,Lerista,-36.79247891702999,144.2872117459774,Australia,Victoria,2019,1,9,-88.8888888889
Three-toed earless skink,Hemiergis decresiensis,species,Animalia,Chordata,Reptilia,Scincidae,Hemiergis,-34.7,138.7,Australia,South Australia,2019,9,74,-87.83783783780001
Three-toed earless skink,Hemiergis decresiensis,species,Animalia,Chordata,Reptilia,Scincidae,Hemiergis,-35.0,138.6,Australia,South Australia,2019,9,74,-87.83783783780001
Three-toed earless skink,Hemiergis decresiensis,species,Animalia,Chordata,Reptilia,Scincidae,Hemiergis,-35.065555,138.921661,Australia,South Australia,2019,9,74,-87.83783783780001
Three-toed earless skink,Hemiergis decresiensis,species,Animalia,Chordata,Reptilia,Scincidae,Hemiergis,-34.9,138.5,Australia,South Australia,2019,9,74,-87.83783783780001
Three-toed earless skink,Hemiergis decresiensis,species,Animalia,Chordata,Reptilia,Scincidae,Hemiergis,-34.9,138.7,Australia,South Australia,2019,9,74,-87.83783783780001
Three-toed earless skink,Hemiergis decresiensis,species,Animalia,Chordata,Reptilia,Scincidae,Hemiergis,-35.1,138.9,Australia,South Australia,2019,9,74,-87.83783783780001
Three-toed earless skink,Hemiergis decresiensis continentis,subspecies,Animalia,Chordata,Reptilia,Scincidae,Hemiergis,-34.9660345467,138.6979967759,Australia,South Australia,2019,9,74,-87.83783783780001
Three-toed earless skink,Hemiergis decresiensis continentis,subspecies,Animalia,Chordata,Reptilia,Scincidae,Hemiergis,-35.0085672652,138.6579225524,Australia,South Australia,2019,9,74,-87.83783783780001
Three-toed earless skink,Hemiergis decresiensis continentis,subspecies,Animalia,Chordata,Reptilia,Scincidae,Hemiergis,-35.0085672652,138.6579225524,Australia,South Australia,2019,9,74,-87.83783783780001
Ring-tailed dragon,Ctenophorus caudicinctus slateri,subspecies,Animalia,Chordata,Reptilia,Agamidae,Ctenophorus,-22.4,143.0,Australia,Queensland,2019,1,7,-85.7142857143
Open-litter rainbow-skink,Carlia pectoralis,species,Animalia,Chordata,Reptilia,Scincidae,Carlia,-16.7303889,145.65173059999995,Australia,Queensland,2019,1,7,-85.7142857143
Eastern narrow-banded skink,Eremiascincus fasciolatus,species,Animalia,Chordata,Reptilia,Scincidae,Eremiascincus,-28.998107,140.685461,Australia,South Australia,2019,1,7,-85.7142857143
Morethia boulengeri,Morethia boulengeri,species,Animalia,Chordata,Reptilia,Scincidae,Morethia,-35.2055333333,149.0064083333,Australia,Australian Capital Territory,2019,5,35,-85.7142857143
Morethia boulengeri,Morethia boulengeri,species,Animalia,Chordata,Reptilia,Scincidae,Morethia,-35.2,149.1,Australia,Australian Capital Territory,2019,5,35,-85.7142857143
Morethia boulengeri,Morethia boulengeri,species,Animalia,Chordata,Reptilia,Scincidae,Morethia,-34.3541268316,139.5131448962,Australia,South Australia,2019,5,35,-85.7142857143
Morethia boulengeri,Morethia boulengeri,species,Animalia,Chordata,Reptilia,Scincidae,Morethia,-36.93664660791086,145.14540195465088,Australia,Victoria,2019,5,35,-85.7142857143
Morethia boulengeri,Morethia boulengeri,species,Animalia,Chordata,Reptilia,Scincidae,Morethia,-36.93785283717742,145.15063762664798,Australia,Victoria,2019,5,35,-85.7142857143
Eastern robust slider,Lerista punctatovittata,species,Animalia,Chordata,Reptilia,Scincidae,Lerista,-21.636945373894658,146.89591584206937,Australia,Queensland,2019,1,6,-83.3333333333
 Bardick,Echiopsis curta,species,Animalia,Chordata,Reptilia,Elapidae,Echiopsis,-31.312471663889212,121.53230667114256,Australia,Western Australia,2019,1,6,-83.3333333333
Nobbi dragon,Diporiphora nobbi,species,Animalia,Chordata,Reptilia,Agamidae,Diporiphora,-27.471457840858502,152.9541574709583,Australia,Queensland,2019,3,18,-83.3333333333
Nobbi dragon,Diporiphora nobbi,species,Animalia,Chordata,Reptilia,Agamidae,Diporiphora,-28.633340055857786,151.80635690689087,Australia,Queensland,2019,3,18,-83.3333333333
Nobbi dragon,Diporiphora nobbi,species,Animalia,Chordata,Reptilia,Agamidae,Diporiphora,-34.692877,142.27138,Australia,Victoria,2019,3,18,-83.3333333333
Shrubland morethia skink,Morethia obscura,species,Animalia,Chordata,Reptilia,Scincidae,Morethia,-35.293,138.45117,Australia,South Australia,2019,4,24,-83.3333333333
Shrubland morethia skink,Morethia obscura,species,Animalia,Chordata,Reptilia,Scincidae,Morethia,-37.0,142.7,Australia,Victoria,2019,4,24,-83.3333333333
Shrubland morethia skink,Morethia obscura,species,Animalia,Chordata,Reptilia,Scincidae,Morethia,-33.932836639099996,120.19224956629999,Australia,Western Australia,2019,4,24,-83.3333333333
Shrubland morethia skink,Morethia obscura,species,Animalia,Chordata,Reptilia,Scincidae,Morethia,-33.931941185599996,120.1899800822,Australia,Western Australia,2019,4,24,-83.3333333333
White's skink,Liopholis whitii,species,Animalia,Chordata,Reptilia,Scincidae,Liopholis,-37.9,140.7,Australia,South Australia,2019,9,50,-82.0
White's skink,Liopholis whitii,species,Animalia,Chordata,Reptilia,Scincidae,Liopholis,-42.1281563191,148.3074428109,Australia,Tasmania,2019,9,50,-82.0
White's skink,Liopholis whitii,species,Animalia,Chordata,Reptilia,Scincidae,Liopholis,-41.4435660249,147.11579450690002,Australia,Tasmania,2019,9,50,-82.0
White's skink,Liopholis whitii,species,Animalia,Chordata,Reptilia,Scincidae,Liopholis,-37.8,145.0,Australia,Victoria,2019,9,50,-82.0
White's skink,Liopholis whitii,species,Animalia,Chordata,Reptilia,Scincidae,Liopholis,-37.1576600514,142.5032227635,Australia,Victoria,2019,9,50,-82.0
White's skink,Liopholis whitii,species,Animalia,Chordata,Reptilia,Scincidae,Liopholis,-39.024723053,146.3188934326,Australia,Victoria,2019,9,50,-82.0
White's skink,Liopholis whitii,species,Animalia,Chordata,Reptilia,Scincidae,Liopholis,-37.170915984299995,142.5109472455,Australia,Victoria,2019,9,50,-82.0
White's skink,Liopholis whitii,species,Animalia,Chordata,Reptilia,Scincidae,Liopholis,-37.50835116896347,149.69577223062515,Australia,Victoria,2019,9,50,-82.0
White's skink,Liopholis whitii,species,Animalia,Chordata,Reptilia,Scincidae,Liopholis,-39.0661664322,146.3429076045,Australia,Victoria,2019,9,50,-82.0
Pseudonaja mengdeni,Pseudonaja mengdeni,species,Animalia,Chordata,Reptilia,Elapidae,Pseudonaja,-22.164283,133.431581,Australia,Northern Territory,2019,4,22,-81.8181818182
Pseudonaja mengdeni,Pseudonaja mengdeni,species,Animalia,Chordata,Reptilia,Elapidae,Pseudonaja,-24.064881,132.74447,Australia,Northern Territory,2019,4,22,-81.8181818182
Pseudonaja mengdeni,Pseudonaja mengdeni,species,Animalia,Chordata,Reptilia,Elapidae,Pseudonaja,-31.8,115.8,Australia,Western Australia,2019,4,22,-81.8181818182
Pseudonaja mengdeni,Pseudonaja mengdeni,species,Animalia,Chordata,Reptilia,Elapidae,Pseudonaja,-27.825732097399996,114.11495120229999,Australia,Western Australia,2019,4,22,-81.8181818182
Common south-west ctenotus,Ctenotus labillardieri,species,Animalia,Chordata,Reptilia,Scincidae,Ctenotus,-33.7,115.2,Australia,Western Australia,2019,1,5,-80.0
Northern dtella,Gehyra australis,species,Animalia,Chordata,Reptilia,Gekkonidae,Gehyra,-14.1811354,132.19080630000002,Australia,Northern Territory,2019,2,10,-80.0
Northern dtella,Gehyra australis,species,Animalia,Chordata,Reptilia,Gekkonidae,Gehyra,-12.830016,131.820403,Australia,Northern Territory,2019,2,10,-80.0
Marbled velvet gecko,Oedura marmorata,species,Animalia,Chordata,Reptilia,Diplodactylidae,Oedura,-14.186291,132.215296,Australia,Northern Territory,2019,2,10,-80.0
Marbled velvet gecko,Oedura marmorata,species,Animalia,Chordata,Reptilia,Diplodactylidae,Oedura,-14.180735,132.19413,Australia,Northern Territory,2019,2,10,-80.0
Egernia saxatilis,Egernia saxatilis,species,Animalia,Chordata,Reptilia,Scincidae,Egernia,-38.1,146.5,Australia,Victoria,2019,7,31,-77.4193548387
Egernia saxatilis,Egernia saxatilis,species,Animalia,Chordata,Reptilia,Scincidae,Egernia,-38.133995,146.50460800000005,Australia,Victoria,2019,7,31,-77.4193548387
Egernia saxatilis,Egernia saxatilis,species,Animalia,Chordata,Reptilia,Scincidae,Egernia,-38.1,145.8,Australia,Victoria,2019,7,31,-77.4193548387
Egernia saxatilis,Egernia saxatilis,species,Animalia,Chordata,Reptilia,Scincidae,Egernia,-36.9,142.4,Australia,Victoria,2019,7,31,-77.4193548387
Egernia saxatilis,Egernia saxatilis intermedia,subspecies,Animalia,Chordata,Reptilia,Scincidae,Egernia,-36.904098,142.388549,Australia,Victoria,2019,7,31,-77.4193548387
Egernia saxatilis,Egernia saxatilis,species,Animalia,Chordata,Reptilia,Scincidae,Egernia,-37.4801288889,149.5551030556,Australia,Victoria,2019,7,31,-77.4193548387
Egernia saxatilis,Egernia saxatilis,species,Animalia,Chordata,Reptilia,Scincidae,Egernia,-37.1,142.4,Australia,Victoria,2019,7,31,-77.4193548387
Eastern brown snake,Pseudonaja textilis,species,Animalia,Chordata,Reptilia,Elapidae,Pseudonaja,-35.31464514321114,149.1593635127026,Australia,Australian Capital Territory,2019,10,43,-76.74418604649999
Eastern brown snake,Pseudonaja textilis,species,Animalia,Chordata,Reptilia,Elapidae,Pseudonaja,-35.632207,148.874787,Australia,Australian Capital Territory,2019,10,43,-76.74418604649999
Eastern brown snake,Pseudonaja textilis,species,Animalia,Chordata,Reptilia,Elapidae,Pseudonaja,-27.1951683333,152.9455883333,Australia,Queensland,2019,10,43,-76.74418604649999
Eastern brown snake,Pseudonaja textilis,species,Animalia,Chordata,Reptilia,Elapidae,Pseudonaja,-34.6,138.9,Australia,South Australia,2019,10,43,-76.74418604649999
Eastern brown snake,Pseudonaja textilis,species,Animalia,Chordata,Reptilia,Elapidae,Pseudonaja,-36.099655452859174,140.1486123801442,Australia,South Australia,2019,10,43,-76.74418604649999
Eastern brown snake,Pseudonaja textilis,species,Animalia,Chordata,Reptilia,Elapidae,Pseudonaja,-35.0860180537,138.6878399675,Australia,South Australia,2019,10,43,-76.74418604649999
Eastern brown snake,Pseudonaja textilis,species,Animalia,Chordata,Reptilia,Elapidae,Pseudonaja,-34.6477882335,138.7362974777,Australia,South Australia,2019,10,43,-76.74418604649999
Eastern brown snake,Pseudonaja textilis,species,Animalia,Chordata,Reptilia,Elapidae,Pseudonaja,-36.827018745221636,140.02609309565742,Australia,South Australia,2019,10,43,-76.74418604649999
Eastern brown snake,Pseudonaja textilis,species,Animalia,Chordata,Reptilia,Elapidae,Pseudonaja,-36.3,140.8,Australia,South Australia,2019,10,43,-76.74418604649999
Eastern brown snake,Pseudonaja textilis,species,Animalia,Chordata,Reptilia,Elapidae,Pseudonaja,-36.2764583329,140.6460063547,Australia,South Australia,2019,10,43,-76.74418604649999
Prong-snouted blind snake,Anilios bituberculatus,species,Animalia,Chordata,Reptilia,Typhlopidae,Anilios,-35.1,139.2,Australia,South Australia,2019,1,4,-75.0
Western worm lerista,Lerista praepedita,species,Animalia,Chordata,Reptilia,Scincidae,Lerista,-31.608947,115.692367,Australia,Western Australia,2019,1,4,-75.0
Wall skink,Cryptoblepharus virgatus,species,Animalia,Chordata,Reptilia,Scincidae,Cryptoblepharus,-19.3038046462,146.7804096945,Australia,Queensland,2019,2,8,-75.0
Wall skink,Cryptoblepharus virgatus,species,Animalia,Chordata,Reptilia,Scincidae,Cryptoblepharus,-18.073933214100002,144.856885128,Australia,Queensland,2019,2,8,-75.0
Australian coral snake,Brachyurophis australis,species,Animalia,Chordata,Reptilia,Elapidae,Brachyurophis,-25.3,151.4,Australia,Queensland,2019,2,8,-75.0
Australian coral snake,Brachyurophis australis,species,Animalia,Chordata,Reptilia,Elapidae,Brachyurophis,-25.3742344068,151.5513840514,Australia,Queensland,2019,2,8,-75.0
Ctenotus taeniolatus,Ctenotus taeniolatus,species,Animalia,Chordata,Reptilia,Scincidae,Ctenotus,-21.68253413785304,149.4137459993362,Australia,Queensland,2019,9,33,-72.72727272729999
Ctenotus taeniolatus,Ctenotus taeniolatus,species,Animalia,Chordata,Reptilia,Scincidae,Ctenotus,-22.8,150.5,Australia,Queensland,2019,9,33,-72.72727272729999
Ctenotus taeniolatus,Ctenotus taeniolatus,species,Animalia,Chordata,Reptilia,Scincidae,Ctenotus,-16.8457518043,145.7439708308,Australia,Queensland,2019,9,33,-72.72727272729999
Ctenotus taeniolatus,Ctenotus taeniolatus,species,Animalia,Chordata,Reptilia,Scincidae,Ctenotus,-28.3,152.7,Australia,Queensland,2019,9,33,-72.72727272729999
Ctenotus taeniolatus,Ctenotus taeniolatus,species,Animalia,Chordata,Reptilia,Scincidae,Ctenotus,-24.2,151.9,Australia,Queensland,2019,9,33,-72.72727272729999
Ctenotus taeniolatus,Ctenotus taeniolatus,species,Animalia,Chordata,Reptilia,Scincidae,Ctenotus,-16.8376360673,145.7394629615,Australia,Queensland,2019,9,33,-72.72727272729999
Ctenotus taeniolatus,Ctenotus taeniolatus,species,Animalia,Chordata,Reptilia,Scincidae,Ctenotus,-28.3,152.7,Australia,Queensland,2019,9,33,-72.72727272729999
Ctenotus taeniolatus,Ctenotus taeniolatus,species,Animalia,Chordata,Reptilia,Scincidae,Ctenotus,-36.3450847315,146.6733192518,Australia,Victoria,2019,9,33,-72.72727272729999
Ctenotus taeniolatus,Ctenotus taeniolatus,species,Animalia,Chordata,Reptilia,Scincidae,Ctenotus,-36.3161870642,146.6649923512,Australia,Victoria,2019,9,33,-72.72727272729999
Northern velvet gecko,Oedura castelnaui,species,Animalia,Chordata,Reptilia,Diplodactylidae,Oedura,-18.1,144.4,Australia,Queensland,2019,2,7,-71.4285714286
Northern velvet gecko,Oedura castelnaui,species,Animalia,Chordata,Reptilia,Diplodactylidae,Oedura,-18.1174350181,144.4293333523,Australia,Queensland,2019,2,7,-71.4285714286
Burton's legless lizard,Lialis burtonis,species,Animalia,Chordata,Reptilia,Pygopodidae,Lialis,-27.5415853,153.03388030000005,Australia,Queensland,2019,10,35,-71.4285714286
Burton's legless lizard,Lialis burtonis,species,Animalia,Chordata,Reptilia,Pygopodidae,Lialis,-18.7620425505,144.8255030956,Australia,Queensland,2019,10,35,-71.4285714286
Burton's legless lizard,Lialis burtonis,species,Animalia,Chordata,Reptilia,Pygopodidae,Lialis,-28.636433411101518,151.79847121238708,Australia,Queensland,2019,10,35,-71.4285714286
Burton's legless lizard,Lialis burtonis,species,Animalia,Chordata,Reptilia,Pygopodidae,Lialis,-28.3,152.7,Australia,Queensland,2019,10,35,-71.4285714286
Burton's legless lizard,Lialis burtonis,species,Animalia,Chordata,Reptilia,Pygopodidae,Lialis,-36.2139081227,146.8621981972,Australia,Victoria,2019,10,35,-71.4285714286
Burton's legless lizard,Lialis burtonis,species,Animalia,Chordata,Reptilia,Pygopodidae,Lialis,-31.9625611702,115.8333615194,Australia,Western Australia,2019,10,35,-71.4285714286
Burton's legless lizard,Lialis burtonis,species,Animalia,Chordata,Reptilia,Pygopodidae,Lialis,-31.8556788981,116.0302987363,Australia,Western Australia,2019,10,35,-71.4285714286
Burton's legless lizard,Lialis burtonis,species,Animalia,Chordata,Reptilia,Pygopodidae,Lialis,-31.8,116.2,Australia,Western Australia,2019,10,35,-71.4285714286
Burton's legless lizard,Lialis burtonis,species,Animalia,Chordata,Reptilia,Pygopodidae,Lialis,-31.99087160402541,116.0488750040531,Australia,Western Australia,2019,10,35,-71.4285714286
Burton's legless lizard,Lialis burtonis,species,Animalia,Chordata,Reptilia,Pygopodidae,Lialis,-26.1,113.2,Australia,Western Australia,2019,10,35,-71.4285714286
Hemiaspis signata,Hemiaspis signata,species,Animalia,Chordata,Reptilia,Elapidae,Hemiaspis,-21.1,148.5,Australia,Queensland,2019,4,13,-69.2307692308
Hemiaspis signata,Hemiaspis signata,species,Animalia,Chordata,Reptilia,Elapidae,Hemiaspis,-21.136447,148.492975,Australia,Queensland,2019,4,13,-69.2307692308
Hemiaspis signata,Hemiaspis signata,species,Animalia,Chordata,Reptilia,Elapidae,Hemiaspis,-28.2,153.2,Australia,Queensland,2019,4,13,-69.2307692308
Hemiaspis signata,Hemiaspis signata,species,Animalia,Chordata,Reptilia,Elapidae,Hemiaspis,-28.827436,151.940811,Australia,Queensland,2019,4,13,-69.2307692308
Tommy roundhead,Diporiphora australis,species,Animalia,Chordata,Reptilia,Agamidae,Diporiphora,-25.9097213745,153.0905609131,Australia,Queensland,2019,1,3,-66.6666666667
Tree-base litter-skink,Lygisaurus foliorum,species,Animalia,Chordata,Reptilia,Scincidae,Lygisaurus,-21.056307701901847,147.79588451390737,Australia,Queensland,2019,1,3,-66.6666666667
Prickly forest skink,Gnypetoscincus queenslandiae,species,Animalia,Chordata,Reptilia,Scincidae,Gnypetoscincus,-17.343510746323798,145.62971502542499,Australia,Queensland,2019,1,3,-66.6666666667
Three-lined Knob-tail,Nephrurus levis,species,Animalia,Chordata,Reptilia,Carphodactylidae,Nephrurus,-28.998793,140.685571,Australia,South Australia,2019,1,3,-66.6666666667
Diplodactylus tessellatus,Diplodactylus tessellatus,species,Animalia,Chordata,Reptilia,Diplodactylidae,Diplodactylus,-36.101630951722434,144.28619384765622,Australia,Victoria,2019,1,3,-66.6666666667
Two-spined rainbow-skink,Carlia amax,species,Animalia,Chordata,Reptilia,Scincidae,Carlia,-15.5,128.1,Australia,Western Australia,2019,1,3,-66.6666666667
Western three-lined skink,Acritoscincus trilineatus,species,Animalia,Chordata,Reptilia,Scincidae,Acritoscincus,-31.90976402291801,115.79528085887432,Australia,Western Australia,2019,1,3,-66.6666666667
Orange-naped snake,Furina ornata,species,Animalia,Chordata,Reptilia,Elapidae,Furina,-13.850509,131.830874,Australia,Northern Territory,2019,2,6,-66.6666666667
Orange-naped snake,Furina ornata,species,Animalia,Chordata,Reptilia,Elapidae,Furina,-23.148305892899998,113.7761154175,Australia,Western Australia,2019,2,6,-66.6666666667
Two-toed earless skink,Hemiergis quadrilineata,species,Animalia,Chordata,Reptilia,Scincidae,Hemiergis,-31.8,115.8,Australia,Western Australia,2019,2,6,-66.6666666667
Two-toed earless skink,Hemiergis quadrilineata,species,Animalia,Chordata,Reptilia,Scincidae,Hemiergis,-31.8184172667,115.7680296357,Australia,Western Australia,2019,2,6,-66.6666666667
Loggerhead sea turtle,Caretta caretta,species,Animalia,Chordata,Reptilia,Cheloniidae,Caretta,-28.86800911,153.58071894399998,Australia,New South Wales,2019,4,12,-66.6666666667
Loggerhead sea turtle,Caretta caretta,species,Animalia,Chordata,Reptilia,Cheloniidae,Caretta,-28.86800911,153.58071894399998,Australia,New South Wales,2019,4,12,-66.6666666667
Loggerhead sea turtle,Caretta caretta,species,Animalia,Chordata,Reptilia,Cheloniidae,Caretta,-22.3,114.0,Australia,Western Australia,2019,4,12,-66.6666666667
Loggerhead sea turtle,Caretta caretta,species,Animalia,Chordata,Reptilia,Cheloniidae,Caretta,-22.3,114.0,Australia,Western Australia,2019,4,12,-66.6666666667
Central bearded dragon,Pogona vitticeps,species,Animalia,Chordata,Reptilia,Agamidae,Pogona,-24.2,133.5,Australia,Northern Territory,2019,5,15,-66.6666666667
Central bearded dragon,Pogona vitticeps,species,Animalia,Chordata,Reptilia,Agamidae,Pogona,-24.1814538487,133.46084578469998,Australia,Northern Territory,2019,5,15,-66.6666666667
Central bearded dragon,Pogona vitticeps,species,Animalia,Chordata,Reptilia,Agamidae,Pogona,-23.694776,133.890018,Australia,Northern Territory,2019,5,15,-66.6666666667
Central bearded dragon,Pogona vitticeps,species,Animalia,Chordata,Reptilia,Agamidae,Pogona,-30.4942242845,137.11918816899998,Australia,South Australia,2019,5,15,-66.6666666667
Central bearded dragon,Pogona vitticeps,species,Animalia,Chordata,Reptilia,Agamidae,Pogona,-33.673032805700004,137.0007607846,Australia,South Australia,2019,5,15,-66.6666666667
Ctenotus robustus,Ctenotus robustus,species,Animalia,Chordata,Reptilia,Scincidae,Ctenotus,-27.718536,151.63785,Australia,Queensland,2019,8,23,-65.21739130430001
Ctenotus robustus,Ctenotus robustus,species,Animalia,Chordata,Reptilia,Scincidae,Ctenotus,-27.7,151.6,Australia,Queensland,2019,8,23,-65.21739130430001
Ctenotus robustus,Ctenotus robustus,species,Animalia,Chordata,Reptilia,Scincidae,Ctenotus,-27.5,152.7,Australia,Queensland,2019,8,23,-65.21739130430001
Ctenotus robustus,Ctenotus robustus,species,Animalia,Chordata,Reptilia,Scincidae,Ctenotus,-27.7,153.2,Australia,Queensland,2019,8,23,-65.21739130430001
Ctenotus robustus,Ctenotus robustus,species,Animalia,Chordata,Reptilia,Scincidae,Ctenotus,-27.5,153.1,Australia,Queensland,2019,8,23,-65.21739130430001
Ctenotus robustus,Ctenotus robustus,species,Animalia,Chordata,Reptilia,Scincidae,Ctenotus,-27.4940083333,153.0298611667,Australia,Queensland,2019,8,23,-65.21739130430001
Ctenotus robustus,Ctenotus robustus,species,Animalia,Chordata,Reptilia,Scincidae,Ctenotus,-33.6,138.5,Australia,South Australia,2019,8,23,-65.21739130430001
Ctenotus robustus,Ctenotus robustus,species,Animalia,Chordata,Reptilia,Scincidae,Ctenotus,-38.100642509699995,144.272040166,Australia,Victoria,2019,8,23,-65.21739130430001
Straight-browed ctenotus,Ctenotus spaldingi,species,Animalia,Chordata,Reptilia,Scincidae,Ctenotus,-21.68253413785304,149.4137459993362,Australia,Queensland,2019,6,17,-64.7058823529
Straight-browed ctenotus,Ctenotus spaldingi,species,Animalia,Chordata,Reptilia,Scincidae,Ctenotus,-20.84180728413238,148.84479582309726,Australia,Queensland,2019,6,17,-64.7058823529
Straight-browed ctenotus,Ctenotus spaldingi,species,Animalia,Chordata,Reptilia,Scincidae,Ctenotus,-21.661895340414247,149.44213986396792,Australia,Queensland,2019,6,17,-64.7058823529
Straight-browed ctenotus,Ctenotus spaldingi,species,Animalia,Chordata,Reptilia,Scincidae,Ctenotus,-20.618505751189183,148.66535067558286,Australia,Queensland,2019,6,17,-64.7058823529
Straight-browed ctenotus,Ctenotus spaldingi,species,Animalia,Chordata,Reptilia,Scincidae,Ctenotus,-32.942286913558284,137.53127145757392,Australia,South Australia,2019,6,17,-64.7058823529
Straight-browed ctenotus,Ctenotus spaldingi,species,Animalia,Chordata,Reptilia,Scincidae,Ctenotus,-34.9315716132,139.2207731569,Australia,South Australia,2019,6,17,-64.7058823529
Bar-shouldered ctenotus,Ctenotus inornatus,species,Animalia,Chordata,Reptilia,Scincidae,Ctenotus,-12.46895,131.1635,Australia,Northern Territory,2019,5,14,-64.2857142857
Bar-shouldered ctenotus,Ctenotus inornatus,species,Animalia,Chordata,Reptilia,Scincidae,Ctenotus,-34.691767,142.27077,Australia,Victoria,2019,5,14,-64.2857142857
Bar-shouldered ctenotus,Ctenotus inornatus,species,Animalia,Chordata,Reptilia,Scincidae,Ctenotus,-31.9625611702,115.8333615194,Australia,Western Australia,2019,5,14,-64.2857142857
Bar-shouldered ctenotus,Ctenotus inornatus,species,Animalia,Chordata,Reptilia,Scincidae,Ctenotus,-31.1,115.4,Australia,Western Australia,2019,5,14,-64.2857142857
Bar-shouldered ctenotus,Ctenotus inornatus,species,Animalia,Chordata,Reptilia,Scincidae,Ctenotus,-22.0461989161,113.9341670294,Australia,Western Australia,2019,5,14,-64.2857142857
Yellow-faced whipsnake,Demansia psammophis,species,Animalia,Chordata,Reptilia,Elapidae,Demansia,-23.68394,133.719979,Australia,Northern Territory,2019,9,25,-64.0
Yellow-faced whipsnake,Demansia psammophis,species,Animalia,Chordata,Reptilia,Elapidae,Demansia,-24.255665,131.56254099999998,Australia,Northern Territory,2019,9,25,-64.0
Yellow-faced whipsnake,Demansia psammophis,species,Animalia,Chordata,Reptilia,Elapidae,Demansia,-26.5,153.0,Australia,Queensland,2019,9,25,-64.0
Yellow-faced whipsnake,Demansia psammophis,species,Animalia,Chordata,Reptilia,Elapidae,Demansia,-26.5192223597,153.06937335610002,Australia,Queensland,2019,9,25,-64.0
Yellow-faced whipsnake,Demansia psammophis,species,Animalia,Chordata,Reptilia,Elapidae,Demansia,-26.387294925332146,152.93041706085202,Australia,Queensland,2019,9,25,-64.0
Yellow-faced whipsnake,Demansia psammophis,species,Animalia,Chordata,Reptilia,Elapidae,Demansia,-26.6993,153.085538,Australia,Queensland,2019,9,25,-64.0
Yellow-faced whipsnake,Demansia psammophis,species,Animalia,Chordata,Reptilia,Elapidae,Demansia,-26.7,153.1,Australia,Queensland,2019,9,25,-64.0
Yellow-faced whipsnake,Demansia psammophis,species,Animalia,Chordata,Reptilia,Elapidae,Demansia,-26.701893486256672,150.18681764602658,Australia,Queensland,2019,9,25,-64.0
Yellow-faced whipsnake,Demansia psammophis,species,Animalia,Chordata,Reptilia,Elapidae,Demansia,-27.9,153.2,Australia,Queensland,2019,9,25,-64.0
Mountain dragon,Rankinia diemensis,species,Animalia,Chordata,Reptilia,Agamidae,Rankinia,-37.976929,145.40273,Australia,Victoria,2019,4,11,-63.636363636400006
Mountain dragon,Rankinia diemensis,species,Animalia,Chordata,Reptilia,Agamidae,Rankinia,-37.586044321952976,145.33581733703613,Australia,Victoria,2019,4,11,-63.636363636400006
Mountain dragon,Rankinia diemensis,species,Animalia,Chordata,Reptilia,Agamidae,Rankinia,-38.4051308739,144.19804036620002,Australia,Victoria,2019,4,11,-63.636363636400006
Mountain dragon,Rankinia diemensis,species,Animalia,Chordata,Reptilia,Agamidae,Rankinia,-37.504376708278286,145.41134834288528,Australia,Victoria,2019,4,11,-63.636363636400006
Ctenophorus ornatus,Ctenophorus ornatus,species,Animalia,Chordata,Reptilia,Agamidae,Ctenophorus,-31.7894333333,117.63693888889999,Australia,Western Australia,2019,7,18,-61.111111111099994
Ctenophorus ornatus,Ctenophorus ornatus,species,Animalia,Chordata,Reptilia,Agamidae,Ctenophorus,-32.4321786944,118.9618077383,Australia,Western Australia,2019,7,18,-61.111111111099994
Ctenophorus ornatus,Ctenophorus ornatus,species,Animalia,Chordata,Reptilia,Agamidae,Ctenophorus,-32.468702777800004,116.8836333333,Australia,Western Australia,2019,7,18,-61.111111111099994
Ctenophorus ornatus,Ctenophorus ornatus,species,Animalia,Chordata,Reptilia,Agamidae,Ctenophorus,-32.559725166999996,117.339516641,Australia,Western Australia,2019,7,18,-61.111111111099994
Ctenophorus ornatus,Ctenophorus ornatus,species,Animalia,Chordata,Reptilia,Agamidae,Ctenophorus,-32.4,118.9,Australia,Western Australia,2019,7,18,-61.111111111099994
Ctenophorus ornatus,Ctenophorus ornatus,species,Animalia,Chordata,Reptilia,Agamidae,Ctenophorus,-32.471933241,116.8818275223,Australia,Western Australia,2019,7,18,-61.111111111099994
Ctenophorus ornatus,Ctenophorus ornatus,species,Animalia,Chordata,Reptilia,Agamidae,Ctenophorus,-32.4,118.9,Australia,Western Australia,2019,7,18,-61.111111111099994
Blue-speckled Forest-Skink,Silvascincus murrayi,species,Animalia,Chordata,Reptilia,Scincidae,Silvascincus,-28.0107865574,153.1990852735,Australia,Queensland,2019,2,5,-60.0
Blue-speckled Forest-Skink,Silvascincus murrayi,species,Animalia,Chordata,Reptilia,Scincidae,Silvascincus,-26.7811107635,152.8805541992,Australia,Queensland,2019,2,5,-60.0
Eastern Lined Earless Dragon,Tympanocryptis lineata,species,Animalia,Chordata,Reptilia,Agamidae,Tympanocryptis,-34.5,138.7,Australia,South Australia,2019,2,5,-60.0
Eastern Lined Earless Dragon,Tympanocryptis lineata,species,Animalia,Chordata,Reptilia,Agamidae,Tympanocryptis,-34.5354693951,138.74982403299998,Australia,South Australia,2019,2,5,-60.0
Diplodactylus vittatus,Diplodactylus vittatus,species,Animalia,Chordata,Reptilia,Diplodactylidae,Diplodactylus,-35.198146,149.184862,Australia,Australian Capital Territory,2019,4,9,-55.5555555556
Diplodactylus vittatus,Diplodactylus vittatus,species,Animalia,Chordata,Reptilia,Diplodactylidae,Diplodactylus,-23.443049558189006,146.40093326568604,Australia,Queensland,2019,4,9,-55.5555555556
Diplodactylus vittatus,Diplodactylus vittatus,species,Animalia,Chordata,Reptilia,Diplodactylidae,Diplodactylus,-24.9096270054,152.3610073138,Australia,Queensland,2019,4,9,-55.5555555556
Diplodactylus vittatus,Diplodactylus vittatus,species,Animalia,Chordata,Reptilia,Diplodactylidae,Diplodactylus,-25.0,152.2,Australia,Queensland,2019,4,9,-55.5555555556
White-lipped snake,Drysdalia coronoides,species,Animalia,Chordata,Reptilia,Elapidae,Drysdalia,-35.7757603266,148.9567038914,Australia,Australian Capital Territory,2019,10,21,-52.38095238100001
White-lipped snake,Drysdalia coronoides,species,Animalia,Chordata,Reptilia,Elapidae,Drysdalia,-35.8,149.0,Australia,Australian Capital Territory,2019,10,21,-52.38095238100001
White-lipped snake,Drysdalia coronoides,species,Animalia,Chordata,Reptilia,Elapidae,Drysdalia,-42.618454,148.105756,Australia,Tasmania,2019,10,21,-52.38095238100001
White-lipped snake,Drysdalia coronoides,species,Animalia,Chordata,Reptilia,Elapidae,Drysdalia,-36.9,147.3,Australia,Victoria,2019,10,21,-52.38095238100001
White-lipped snake,Drysdalia coronoides,species,Animalia,Chordata,Reptilia,Elapidae,Drysdalia,-36.8867284712,147.3193967256,Australia,Victoria,2019,10,21,-52.38095238100001
White-lipped snake,Drysdalia coronoides,species,Animalia,Chordata,Reptilia,Elapidae,Drysdalia,-39.029210274899995,146.3211224342,Australia,Victoria,2019,10,21,-52.38095238100001
White-lipped snake,Drysdalia coronoides,species,Animalia,Chordata,Reptilia,Elapidae,Drysdalia,-38.66,143.1,Australia,Victoria,2019,10,21,-52.38095238100001
White-lipped snake,Drysdalia coronoides,species,Animalia,Chordata,Reptilia,Elapidae,Drysdalia,-37.65232990770065,143.67634199559686,Australia,Victoria,2019,10,21,-52.38095238100001
White-lipped snake,Drysdalia coronoides,species,Animalia,Chordata,Reptilia,Elapidae,Drysdalia,-39.0492178039,146.3293762529,Australia,Victoria,2019,10,21,-52.38095238100001
White-lipped snake,Drysdalia coronoides,species,Animalia,Chordata,Reptilia,Elapidae,Drysdalia,-38.80257128835506,143.47596861175592,Australia,Victoria,2019,10,21,-52.38095238100001
Olive whipsnake,Demansia olivacea,species,Animalia,Chordata,Reptilia,Elapidae,Demansia,-12.352371,130.89086799999998,Australia,Northern Territory,2019,1,2,-50.0
Spiny-tailed monitor,Varanus acanthurus acanthurus,subspecies,Animalia,Chordata,Reptilia,Varanidae,Varanus,-23.689471,133.721608,Australia,Northern Territory,2019,1,2,-50.0
Morelia spilota variegata,Morelia spilota variegata,subspecies,Animalia,Chordata,Reptilia,Pythonidae,Morelia,-17.087050100000006,145.4341823,Australia,Queensland,2019,1,2,-50.0
Pale-rumped ctenotus,Ctenotus regius,species,Animalia,Chordata,Reptilia,Scincidae,Ctenotus,-32.942286913558284,137.53127145757392,Australia,South Australia,2019,1,2,-50.0
Purplish dtella,Gehyra purpurascens,species,Animalia,Chordata,Reptilia,Gekkonidae,Gehyra,-30.9,141.0,Australia,South Australia,2019,1,2,-50.0
Diamond Python,Morelia spilota spilota,subspecies,Animalia,Chordata,Reptilia,Pythonidae,Morelia,-37.6,145.4,Australia,Victoria,2019,1,2,-50.0
Western slender blue-tongue,Cyclodomorphus celatus,species,Animalia,Chordata,Reptilia,Scincidae,Cyclodomorphus,-31.61077627585773,115.69209963083269,Australia,Western Australia,2019,1,2,-50.0
Black-palmed rock monitor,Varanus glebopalma,species,Animalia,Chordata,Reptilia,Varanidae,Varanus,-13.162678,130.68578,Australia,Northern Territory,2019,2,4,-50.0
Black-palmed rock monitor,Varanus glebopalma,species,Animalia,Chordata,Reptilia,Varanidae,Varanus,-12.86156,132.79372,Australia,Northern Territory,2019,2,4,-50.0
Gilbert's dragon,Lophognathus gilberti,species,Animalia,Chordata,Reptilia,Agamidae,Lophognathus,-13.099797879,130.7836437153,Australia,Northern Territory,2019,3,6,-50.0
Gilbert's dragon,Lophognathus gilberti,species,Animalia,Chordata,Reptilia,Agamidae,Lophognathus,-14.9,133.1,Australia,Northern Territory,2019,3,6,-50.0
Gilbert's dragon,Lophognathus gilberti,species,Animalia,Chordata,Reptilia,Agamidae,Lophognathus,-12.489452,130.99606200000002,Australia,Northern Territory,2019,3,6,-50.0
Barred-sided Skink,Concinnia tenuis,species,Animalia,Chordata,Reptilia,Scincidae,Concinnia,-24.4,151.0,Australia,Queensland,2019,3,6,-50.0
Barred-sided Skink,Concinnia tenuis,species,Animalia,Chordata,Reptilia,Scincidae,Concinnia,-26.823995181100006,152.9199527677,Australia,Queensland,2019,3,6,-50.0
Barred-sided Skink,Concinnia tenuis,species,Animalia,Chordata,Reptilia,Scincidae,Concinnia,-16.9251466667,145.9971166667,Australia,Queensland,2019,3,6,-50.0
Ragged snake-eyed skink,Cryptoblepharus pannosus,species,Animalia,Chordata,Reptilia,Scincidae,Cryptoblepharus,-36.1,146.9,Australia,Victoria,2019,4,8,-50.0
Ragged snake-eyed skink,Cryptoblepharus pannosus,species,Animalia,Chordata,Reptilia,Scincidae,Cryptoblepharus,-36.74991765717893,141.83236575219783,Australia,Victoria,2019,4,8,-50.0
Ragged snake-eyed skink,Cryptoblepharus pannosus,species,Animalia,Chordata,Reptilia,Scincidae,Cryptoblepharus,-36.75684650008599,141.84071469353512,Australia,Victoria,2019,4,8,-50.0
Ragged snake-eyed skink,Cryptoblepharus pannosus,species,Animalia,Chordata,Reptilia,Scincidae,Cryptoblepharus,-31.6,116.0,Australia,Western Australia,2019,4,8,-50.0
Four-toed earless skink,Hemiergis peronii,species,Animalia,Chordata,Reptilia,Scincidae,Hemiergis,-34.8988307733,138.50043145950002,Australia,South Australia,2019,6,12,-50.0
Four-toed earless skink,Hemiergis peronii,species,Animalia,Chordata,Reptilia,Scincidae,Hemiergis,-34.8,138.6,Australia,South Australia,2019,6,12,-50.0
Four-toed earless skink,Hemiergis peronii,species,Animalia,Chordata,Reptilia,Scincidae,Hemiergis,-35.040462221999995,138.5147267116,Australia,South Australia,2019,6,12,-50.0
Four-toed earless skink,Hemiergis peronii,species,Animalia,Chordata,Reptilia,Scincidae,Hemiergis,-34.9299458672,138.521020596,Australia,South Australia,2019,6,12,-50.0
Four-toed earless skink,Hemiergis peronii,species,Animalia,Chordata,Reptilia,Scincidae,Hemiergis,-34.3,116.1,Australia,Western Australia,2019,6,12,-50.0
Four-toed earless skink,Hemiergis peronii,species,Animalia,Chordata,Reptilia,Scincidae,Hemiergis,-35.066363,117.520835,Australia,Western Australia,2019,6,12,-50.0
